Type	Series	Run
S	76	3
S	76	4
S	76	5
S	76	6
S	76	10
S	76	11
S	76	12
S	76	13
S	76	14
S	76	15
S	76	19
S	76	20
S	77	3
S	77	4
S	77	5
S	77	6
S	77	7
S	77	8
S	77	12
S	77	13
S	77	14
S	77	15
S	77	16
S	77	17
S	77	21
S	77	22
S	77	23
S	77	24
S	77	25
S	77	26
S	77	30
S	77	31
S	77	32
S	77	33
S	77	34
S	78	3
S	78	4
S	78	5
S	78	6
S	78	7
S	78	18
S	78	22
S	78	23
S	78	24
S	78	25
S	78	26
S	78	27
S	78	40
S	78	44
S	78	45
S	78	46
S	78	47
S	78	48
S	78	49
S	78	50
S	78	51
S	78	52
S	78	53
S	78	54
S	78	55
S	78	56
S	79	3
S	79	4
S	79	5
S	79	6
S	79	7
S	79	8
S	79	12
S	79	16
S	79	17
S	79	18
S	79	19
S	79	20
S	79	21
S	79	25
S	79	26
S	79	27
S	79	28
S	79	29
S	79	30
S	87	3
S	87	4
S	87	5
S	87	6
S	87	7
S	87	8
S	87	12
S	87	13
S	89	4
S	89	5
S	89	6
S	89	7
S	89	8
S	89	9
S	89	13
S	89	14
S	91	3
S	91	4
S	91	5
S	91	6
S	91	7
S	91	8
S	91	12
S	91	13
S	91	14
S	91	15
S	91	16
S	91	17
S	91	21
S	91	22
S	93	3
S	93	4
S	93	5
S	93	6
S	93	7
S	93	8
S	93	12
S	93	13
S	93	14
S	93	15
S	93	16
S	93	20
S	93	21
S	93	22
S	93	23
S	93	27
S	93	28
S	93	29
S	93	30
S	93	31
S	93	32
S	93	36
S	93	37
S	93	38
S	94	3
S	94	4
S	94	5
S	94	6
S	94	7
S	94	8
S	94	12
S	94	13
S	94	14
S	94	15
S	94	19
S	94	20
S	94	21
S	94	22
S	94	23
S	94	24
S	94	28
S	94	29
S	94	30
S	94	31
S	94	32
S	94	36
S	94	37
S	94	38
S	94	39
S	94	40
S	94	41
S	94	45
S	94	46
S	94	47
S	94	48
S	94	49
S	94	50
S	94	54
S	94	55
S	94	59
S	94	60
S	94	61
S	94	62
S	94	63
S	94	64
S	94	68
S	94	69
S	94	70
S	94	71
S	94	75
S	94	76
S	95	3
S	95	4
S	95	5
S	95	6
S	95	7
S	95	8
S	95	12
S	95	13
S	95	14
S	95	15
S	95	16
S	95	20
S	95	21
S	95	22
S	95	23
S	95	24
S	95	25
S	95	29
S	104	3
S	104	4
S	104	5
S	104	9
S	104	10
S	104	15
S	104	16
S	104	17
S	104	21
S	104	22
S	104	23
S	105	3
S	105	4
S	105	5
S	105	9
S	105	10
S	105	11
S	106	3
S	106	4
S	106	5
S	106	6
S	106	7
S	106	8
S	106	12
S	106	32
S	106	33
S	106	34
S	106	35
S	119	3
S	119	4
S	119	5
S	119	6
S	119	7
S	119	8
S	119	12
S	119	13
S	119	14
S	119	15
S	119	19
S	119	20
S	119	35
S	119	36
S	119	37
S	120	3
S	120	4
S	120	5
S	120	6
S	120	7
S	120	8
S	120	12
S	120	13
S	120	14
S	120	15
S	120	16
S	120	20
S	120	21
S	120	22
S	120	23
S	120	35
S	120	36
S	120	37
S	120	41
S	120	42
S	120	43
S	120	44
S	120	45
S	120	46
S	120	50
S	120	51
S	120	52
S	120	53
S	120	54
S	126	3
S	126	4
S	126	5
S	126	6
S	126	7
S	126	8
S	126	12
S	126	13
S	126	14
S	126	15
S	126	16
S	126	20
S	126	21
S	126	22
S	126	23
S	126	24
S	126	25
S	126	29
S	126	30
S	126	31
S	126	32
S	126	33
S	126	37
S	126	38
S	126	39
S	126	40
S	126	41
S	126	42
S	126	46
S	126	47
S	126	48
S	127	3
S	127	4
S	127	5
S	127	6
S	127	7
S	127	8
S	127	12
S	127	13
S	127	14
S	127	15
S	127	16
S	127	21
S	127	22
S	127	23
S	127	24
S	127	25
S	127	26
S	127	30
S	127	31
S	127	32
S	127	33
S	127	34
S	151	12
S	151	13
S	151	14
S	151	15
S	151	16
S	151	17
S	151	18
S	151	19
S	151	23
S	153	3
S	153	4
S	153	5
S	153	6
S	153	7
S	153	8
S	153	12
S	153	16
S	153	17
S	153	18
S	153	19
S	153	20
S	153	21
S	153	25
S	153	26
S	153	27
S	153	28
S	153	29
S	153	30
S	155	3
S	155	4
S	155	5
S	155	6
S	155	7
S	155	8
S	156	3
S	156	4
S	156	5
S	156	6
S	156	7
S	156	8
S	156	12
S	156	13
S	156	14
S	156	15
S	156	16
S	156	17
S	156	21
S	156	22
S	156	26
S	156	27
S	156	28
S	156	29
S	156	30
S	156	31
S	156	35
S	156	36
S	156	37
S	156	38
S	156	42
S	156	43
S	160	3
S	160	4
S	160	5
S	160	6
S	160	7
S	160	8
S	160	12
S	160	13
S	160	17
S	160	18
S	160	19
S	160	20
S	160	21
S	160	22
S	160	26
S	160	27
S	160	28
S	160	29
S	160	30
S	160	31
S	160	35
S	160	36
S	160	37
S	160	38
S	160	39
S	160	40
S	160	44
S	160	45
S	161	3
S	161	4
S	161	5
S	161	6
S	161	7
S	161	8
S	161	12
S	161	13
S	161	14
S	161	15
S	161	16
S	161	17
S	161	21
S	161	22
S	161	26
S	161	30
S	162	4
S	162	5
S	162	6
S	162	7
S	162	8
S	162	9
S	162	13
S	165	3
S	165	4
S	165	5
S	165	9
S	165	10
S	165	11
S	165	12
S	165	13
S	166	3
S	166	4
S	166	5
S	166	9
S	166	10
S	166	11
S	166	12
S	166	13
S	166	14
S	166	18
S	166	19
S	166	20
S	166	21
S	166	22
S	166	26
S	166	27
S	166	28
S	166	29
S	166	30
S	166	31
S	166	35
S	166	36
S	166	37
S	166	38
S	166	39
S	166	44
S	166	45
S	166	46
S	166	47
S	166	48
S	166	49
S	166	53
S	166	54
S	166	55
S	166	56
S	166	57
S	166	58
S	166	62
S	166	63
S	166	67
S	166	68
S	166	69
S	166	70
S	166	71
S	166	72
S	166	76
S	166	77
S	166	78
S	175	3
S	175	4
S	175	5
S	175	6
S	175	7
S	175	8
S	175	12
S	175	13
S	175	14
S	175	15
S	176	3
S	176	4
S	176	5
S	176	6
S	176	7
S	176	8
S	176	12
S	176	13
S	176	14
S	176	18
S	176	19
S	176	20
S	176	21
S	176	22
S	176	23
S	176	27
S	176	28
S	176	29
S	176	30
S	176	31
S	176	32
S	176	36
S	185	3
S	185	4
S	185	5
S	185	6
S	185	7
S	185	8
S	185	12
S	187	3
S	187	4
S	187	5
S	187	6
S	187	7
S	187	8
S	187	12
S	187	13
S	214	4
S	214	5
S	214	6
S	214	7
S	214	8
S	214	9
S	214	14
S	214	15
S	214	21
S	214	22
S	214	23
S	214	24
S	214	25
S	214	26
S	214	31
S	214	32
S	214	33
S	214	34
S	214	35
S	214	36
S	214	44
S	214	45
S	214	46
S	214	47
S	214	48
S	214	49
S	214	54
S	214	55
S	214	56
S	214	61
S	214	62
S	214	63
S	215	4
S	215	5
S	215	6
S	215	7
S	215	8
S	215	9
S	215	14
S	215	15
S	215	16
S	215	18
S	215	23
S	215	24
S	215	25
S	215	26
S	215	27
S	215	28
S	215	33
S	215	34
S	215	35
S	215	36
S	223	4
S	223	5
S	223	6
S	223	7
S	223	8
S	223	10
S	227	5
S	227	6
S	227	7
S	227	8
S	227	9
S	227	14
S	227	15
S	227	16
S	227	17
S	227	22
S	228	4
S	228	5
S	228	6
S	228	7
S	228	8
S	228	9
S	228	14
S	228	15
S	228	16
S	253	4
S	253	5
S	253	6
S	253	7
S	253	8
S	253	9
S	253	14
S	253	15
S	253	16
S	253	21
S	253	22
S	253	23
S	253	24
S	253	25
S	253	26
S	253	31
S	253	32
S	253	33
S	253	34
S	253	35
S	253	36
S	253	41
S	253	42
S	253	43
S	253	44
S	253	45
S	253	46
S	253	51
S	253	52
S	253	53
S	253	54
S	253	55
S	253	56
S	253	64
S	253	65
S	253	66
S	253	67
S	253	68
S	253	69
S	253	74
S	253	75
S	253	76
S	253	77
S	253	82
S	253	83
S	253	84
S	253	85
S	253	86
S	253	87
S	253	92
S	253	93
S	253	94
S	253	95
S	253	96
S	253	101
S	253	102
S	253	103
S	253	104
S	253	105
S	253	106
S	253	111
S	270	4
S	270	5
S	270	6
S	270	7
S	270	8
S	270	9
S	270	14
S	270	15
S	270	16
S	270	17
S	289	4
S	289	5
S	289	6
S	289	7
S	289	8
S	289	9
S	289	14
S	289	15
S	289	16
S	289	21
S	289	22
S	289	23
S	289	24
S	289	25
S	289	26
S	289	31
S	289	32
S	289	33
S	289	34
S	289	35
S	289	36
S	289	41
S	289	42
S	289	43
S	289	44
S	289	45
S	289	46
S	289	51
S	289	52
S	289	53
S	289	54
S	290	4
S	290	5
S	290	6
S	290	7
S	290	8
S	290	9
S	290	14
S	290	15
S	290	16
S	290	17
S	290	18
S	290	19
S	290	24
S	291	4
S	291	5
S	291	6
S	291	7
S	291	8
S	291	9
S	291	14
S	291	15
S	291	16
S	291	17
S	291	18
S	292	4
S	292	5
S	292	6
S	292	7
S	292	8
S	292	9
S	292	14
S	292	19
S	292	20
S	292	21
S	292	22
S	292	23
S	292	24
S	292	29
S	292	30
S	292	31
S	292	32
S	292	33
S	292	34
S	292	39
S	292	40
S	292	41
S	292	42
S	292	43
S	292	44
S	292	49
S	292	50
S	292	51
S	292	52
S	292	53
S	292	54
S	292	59
S	292	60
S	292	65
S	292	66
S	292	67
S	292	68
S	292	69
S	292	70
S	292	75
S	292	76
S	304	4
S	304	5
S	304	6
S	304	7
S	304	8
S	304	9
S	304	14
S	304	19
S	304	20
S	304	21
S	304	22
S	304	23
S	304	24
S	304	29
S	304	30
S	304	31
S	304	32
S	304	33
S	305	4
S	305	5
S	305	6
S	305	7
S	305	8
S	305	9
S	305	14
S	305	15
S	305	16
S	305	17
S	305	18
S	305	23
S	305	24
S	305	25
S	305	26
S	305	27
S	305	28
S	311	4
S	311	5
S	311	6
S	313	4
S	313	5
S	313	6
S	313	7
S	313	8
S	313	9
S	313	14
S	313	19
S	313	20
S	313	21
S	313	22
S	313	23
S	313	24
S	313	29
S	313	30
S	313	31
S	313	32
S	313	33
S	313	34
S	313	39
S	313	44
S	313	45
S	313	46
S	313	47
S	313	48
S	313	49
S	313	54
S	313	55
S	313	56
S	313	57
S	317	4
S	317	7
S	317	8
S	317	9
S	317	14
S	317	15
S	317	16
S	317	17
S	317	18
S	317	19
S	317	37
S	317	38
S	317	39
